Workbook

Sheet Pedido
B1: FLEX4ERP2 | D1: PEDIDO DE VENDA INTEGRADO | G1: Dt.Emissão
D3: DADOS DO CLIENTE | E3: DADOS DO PEDIDO
B4: Tp.Pessoa | D4: J | E4: Cod. Repres.
B5: CNPJ/CPF | E5: No.Ped.Cliente
B6: IE/RG | E6: Prazo Entrega
E7: Cond. Pagto
B8: Fantasia | F8: %Des
B9: Razão Social
B11: Cep | E11: UF
B12: Endereço | E12: Compl.
B13: Bairro | E13: Contato
B14: Cidade | E14: Telefone
B15: E-mail
B17: Transportadora | F17: Itens | G17: VALOR TOTAL s/ ST
B18: Frete | F18: =COUNTA(B23:B184) -> 0 | G18: =SUM(H23:H3874) -> 0
B19: Observações
B22: Qntd. | C22: Codigo | D22: Descrisão do Produto | F22: EMBAL | G22: Prc. Unitário | H22: Total Item
D23: =IF(B23=0," ",VLOOKUP(C23,Tabela!$A$3:$D$653,2,FALSE)) | F23: =IF(B23=0,0,VLOOKUP(C23,Tabela!$A$3:$D$653,4,FALSE)) -> 0 | G23: =IF(B23=0,0,VLOOKUP(C23,Tabela!$A$3:$D$653,3,FALSE))*IF($G$7="A VISTA",(100-$G$8)/100,1) -> 0 | H23: =B23*G23 -> 0
D24: =IF(B24=0," ",VLOOKUP(C24,Tabela!$A$3:$D$653,2,FALSE)) | F24: =IF(B24=0,0,VLOOKUP(C24,Tabela!$A$3:$D$653,4,FALSE)) -> 0 | G24: =IF(B24=0,0,VLOOKUP(C24,Tabela!$A$3:$D$653,3,FALSE))*IF($G$7="A VISTA",(100-$G$8)/100,1) -> 0 | H24: =B24*G24 -> 0
D25: =IF(B25=0," ",VLOOKUP(C25,Tabela!$A$3:$D$653,2,FALSE)) | F25: =IF(B25=0,0,VLOOKUP(C25,Tabela!$A$3:$D$653,4,FALSE)) -> 0 | G25: =IF(B25=0,0,VLOOKUP(C25,Tabela!$A$3:$D$653,3,FALSE))*IF($G$7="A VISTA",(100-$G$8)/100,1) -> 0 | H25: =B25*G25 -> 0
D26: =IF(B26=0," ",VLOOKUP(C26,Tabela!$A$3:$D$653,2,FALSE)) | F26: =IF(B26=0,0,VLOOKUP(C26,Tabela!$A$3:$D$653,4,FALSE)) -> 0 | G26: =IF(B26=0,0,VLOOKUP(C26,Tabela!$A$3:$D$653,3,FALSE))*IF($G$7="A VISTA",(100-$G$8)/100,1) -> 0 | H26: =B26*G26 -> 0
D27: =IF(B27=0," ",VLOOKUP(C27,Tabela!$A$3:$D$653,2,FALSE)) | F27: =IF(B27=0,0,VLOOKUP(C27,Tabela!$A$3:$D$653,4,FALSE)) -> 0 | G27: =IF(B27=0,0,VLOOKUP(C27,Tabela!$A$3:$D$653,3,FALSE))*IF($G$7="A VISTA",(100-$G$8)/100,1) -> 0 | H27: =B27*G27 -> 0
D28: =IF(B28=0," ",VLOOKUP(C28,Tabela!$A$3:$D$653,2,FALSE)) | F28: =IF(B28=0,0,VLOOKUP(C28,Tabela!$A$3:$D$653,4,FALSE)) -> 0 | G28: =IF(B28=0,0,VLOOKUP(C28,Tabela!$A$3:$D$653,3,FALSE))*IF($G$7="A VISTA",(100-$G$8)/100,1) -> 0 | H28: =B28*G28 -> 0
D29: =IF(B29=0," ",VLOOKUP(C29,Tabela!$A$3:$D$653,2,FALSE)) | F29: =IF(B29=0,0,VLOOKUP(C29,Tabela!$A$3:$D$653,4,FALSE)) -> 0 | G29: =IF(B29=0,0,VLOOKUP(C29,Tabela!$A$3:$D$653,3,FALSE))*IF($G$7="A VISTA",(100-$G$8)/100,1) -> 0 | H29: =B29*G29 -> 0
D30: =IF(B30=0," ",VLOOKUP(C30,Tabela!$A$3:$D$653,2,FALSE)) | F30: =IF(B30=0,0,VLOOKUP(C30,Tabela!$A$3:$D$653,4,FALSE)) -> 0 | G30: =IF(B30=0,0,VLOOKUP(C30,Tabela!$A$3:$D$653,3,FALSE))*IF($G$7="A VISTA",(100-$G$8)/100,1) -> 0 | H30: =B30*G30 -> 0
D31: =IF(B31=0," ",VLOOKUP(C31,Tabela!$A$3:$D$653,2,FALSE)) | F31: =IF(B31=0,0,VLOOKUP(C31,Tabela!$A$3:$D$653,4,FALSE)) -> 0 | G31: =IF(B31=0,0,VLOOKUP(C31,Tabela!$A$3:$D$653,3,FALSE))*IF($G$7="A VISTA",(100-$G$8)/100,1) -> 0 | H31: =B31*G31 -> 0
D32: =IF(B32=0," ",VLOOKUP(C32,Tabela!$A$3:$D$653,2,FALSE)) | F32: =IF(B32=0,0,VLOOKUP(C32,Tabela!$A$3:$D$653,4,FALSE)) -> 0 | G32: =IF(B32=0,0,VLOOKUP(C32,Tabela!$A$3:$D$653,3,FALSE))*IF($G$7="A VISTA",(100-$G$8)/100,1) -> 0 | H32: =B32*G32 -> 0
D33: =IF(B33=0," ",VLOOKUP(C33,Tabela!$A$3:$D$653,2,FALSE)) | F33: =IF(B33=0,0,VLOOKUP(C33,Tabela!$A$3:$D$653,4,FALSE)) -> 0 | G33: =IF(B33=0,0,VLOOKUP(C33,Tabela!$A$3:$D$653,3,FALSE))*IF($G$7="A VISTA",(100-$G$8)/100,1) -> 0 | H33: =B33*G33 -> 0
D34: =IF(B34=0," ",VLOOKUP(C34,Tabela!$A$3:$D$653,2,FALSE)) | F34: =IF(B34=0,0,VLOOKUP(C34,Tabela!$A$3:$D$653,4,FALSE)) -> 0 | G34: =IF(B34=0,0,VLOOKUP(C34,Tabela!$A$3:$D$653,3,FALSE))*IF($G$7="A VISTA",(100-$G$8)/100,1) -> 0 | H34: =B34*G34 -> 0
... D343: =IF(B343=0," ",VLOOKUP(C343,Tabela!$A$3:$D$653,2,FALSE)) | F343: =IF(B343=0,0,VLOOKUP(C343,Tabela!$A$3:$D$653,4,FALSE)) -> 0 | G343: =IF(B343=0,0,VLOOKUP(C343,Tabela!$A$3:$D$653,3,FALSE))*IF($G$7="A VISTA",(100-$G$8)/100,1) -> 0 | H343: =B343*G343 -> 0

Sheet Tabela
A2: Cod. | B2: Descrição | C2: Prc. Unit. | D2: EMBAL
A3: F1121 | B3: CACHEPOT QUADRADO GRANDE AMARELO GEMA | C3: 3.25 | D3: 68 PÇS CX
A4: F2070 | B4: CACHEPOT QUADRADO GRANDE BRANCO | C4: 3.25 | D4: 68 PÇS CX
A5: F2069 | B5: CACHEPOT QUADRADO GRANDE PRETO C GLITER | C5: 3.25 | D5: 68 PÇS CX
A6: F2073 | B6: CACHEPOT QUADRADO GRANDE ROSA C GLITER | C6: 3.25 | D6: 68 PÇS CX
A7: F2063 | B7: CACHEPOT QUADRADO GRANDE VERDE FLUOR | C7: 3.25 | D7: 68 PÇS CX
A8: F2065 | B8: CACHEPOT QUADRADO GRANDE VERMELHO | C8: 3.25 | D8: 68 PÇS CX
A9: F2072 | B9: CACHEPOT QUADRADO GRANDE TRANSPARENTE C GLITER | C9: 3.25 | D9: 68 PÇS CX
A10: F2174 | B10: CACHEPOT QUADRADO GRANDE AZUL ROYAL | C10: 3.25 | D10: 68 PÇS CX
A12: F1120 | B12: CACHEPOT SEXTAVADO PEQUENO AMARELO GEMA | C12: 1.46 | D12: 180 PÇS CX
A13: F1012 | B13: CACHEPOT SEXTAVADO PEQUENO AZUL | C13: 1.46 | D13: 180 PÇS CX
A14: F1013 | B14: CACHEPOT SEXTAVADO PEQUENO BRANCO | C14: 1.46 | D14: 180 PÇS CX
A15: F1014 | B15: CACHEPOT SEXTAVADO PEQUENO PRETO | C15: 1.46 | D15: 180 PÇS CX
... A653: F2445 | B653: CAIXA SEM DIVISÓRIA ACRILICA VERMELHO | C653: 2.06 | D653: 48 PÇS POR CAIXA
